id,name,type,frameType,desc,race,archetype,atk,def,level,attribute,banlist_info,Set Code,Set_Rarity,Set_Name,Set_Price
21597117,A Hero Emerges,Trap Card,trap,"When an opponent's monster declares an attack: Your opponent chooses 1 random card from your hand, then if it is a monster that can be Special Summoned, Special Summon it. Otherwise, send it to the Graveyard.",Normal,,,,,,,SGX1-ENA19,(C),Speed Duel GX: Duel Academy Box,0
12644061,Advanced Dark,Spell Card,spell,"All ""Crystal Beast"" monsters on the field and in the GY become DARK. If an ""Ultimate Crystal"" monster attacks, negate the effects of the attack target during that Battle Phase. During damage calculation, if a ""Crystal Beast"" monster you control battles and you would take damage: You can send 1 ""Crystal Beast"" monster from your Deck to the GY; you take no battle damage from that battle.",Field,Crystal Beast,,,,,,SGX1-ENI20,(C),Speed Duel GX: Duel Academy Box,0
34487429,Ancient City - Rainbow Ruins,Spell Card,spell,"You must have this many ""Crystal Beast"" cards in your Spell & Trap Card Zone to activate and to resolve these effects. ● 1+: This card cannot be destroyed by card effects. ● 2+: Once per turn (including the opponent's) you can halve the Battle Damage you take. ● 3+: During either player's turn, when a Spell/Trap Card is activated: You can send 1 ""Crystal Beast"" monster you control to the Graveyard; negate the activation, and if you do, destroy it. ● 4+: Once per turn, during your Main Phase: You can draw 1 card. ● 5: Once per turn, during your Main Phase: You can target 1 ""Crystal Beast"" card in your Spell & Trap Card Zone; Special Summon that target.",Field,Crystal Beast,,,,,,SGX1-ENF10,(C),Speed Duel GX: Duel Academy Box,0
300302022,Ancient Fusion,Skill Card,skill,"Once per Duel, you can discard 1 card to Fusion Summon 1 ""Ancient Gear"" Fusion Monster from your Extra Deck, using monsters from your field as Fusion Material. If 1 of those materials is an ""Ancient Gear Golem"" monster, you can also use monsters from your hand and/or Deck as the other material. Your opponent takes no damage for the rest of this turn. Any battle damage your opponent takes from that Fusion Monster is halved.",Dr. Vellian C,,,,,,,SGX1-ENS04,(C),Speed Duel GX: Duel Academy Box,0
31557782,Ancient Gear,Effect Monster,effect,"If you control an ""Ancient Gear"", you can Special Summon this card (from your hand) in face-up Attack Position.",Machine,,100.0,800.0,2.0,EARTH,,SGX1-END08,(C),Speed Duel GX: Duel Academy Box,0
10509340,Ancient Gear Beast,Effect Monster,effect,"Cannot be Special Summoned. If this card attacks, your opponent cannot activate any Spell/Trap Cards until the end of the Damage Step. Negate the effects of an opponent's monster destroyed by battle with this card (including in the Graveyard).",Machine,Ancient Gear,2000.0,2000.0,6.0,EARTH,,SGX1-END06,(C),Speed Duel GX: Duel Academy Box,0
92001300,Ancient Gear Castle,Spell Card,spell,"All ""Ancient Gear"" monsters gain 300 ATK. Each time a monster is Normal Summoned/Set, place 1 counter on this card. If you Tribute Summon an ""Ancient Gear"" monster face-up, you can Tribute this card instead, if the number of its counters is equal to or greater than the number of required Tribute(s).",Continuous,Ancient Gear,,,,,,SGX1-END13,(C),Speed Duel GX: Duel Academy Box,0
1953925,Ancient Gear Engineer,Effect Monster,effect,"Negate any Trap effects that target this card, and if you do, destroy that Trap Card. If this card attacks, your opponent cannot activate any Spell/Trap Cards until the end of the Damage Step. At the end of the Damage Step, if this card attacked: Target 1 Spell/Trap Card your opponent controls; destroy that target.",Machine,Ancient Gear,1500.0,1500.0,5.0,EARTH,,SGX1-END09,(C),Speed Duel GX: Duel Academy Box,0
18486927,Ancient Gear Gadget,Effect Monster,effect,"If this card is Normal or Special Summoned: You can declare 1 card type (Monster, Spell, or Trap); this turn, if a monster you control attacks, your opponent's Spell Cards, Trap Cards, or monster effects (whichever was declared) cannot be activated until the end of the Damage Step. Once per turn: You can declare 1 ""Gadget"" monster's card name; until the End Phase, this card's name becomes that name.",Machine,Ancient Gear,500.0,2000.0,4.0,EARTH,,SGX1-END11,(C),Speed Duel GX: Duel Academy Box,0
83104731,Ancient Gear Golem,Effect Monster,effect,"Cannot be Special Summoned. If this card attacks, your opponent cannot activate any Spell/Trap Cards until the end of the Damage Step. If this card attacks a Defense Position monster, inflict piercing battle damage.",Machine,Ancient Gear,3000.0,3000.0,8.0,EARTH,,SGX1-END01,(C),Speed Duel GX: Duel Academy Box,0
39303359,Ancient Gear Knight,Gemini Monster,effect,"This card is treated as a Normal Monster while face-up on the field or in the Graveyard. While this card is a Normal Monster on the field, you can Normal Summon it to have it become an Effect Monster with this effect.
● If this card attacks, your opponent cannot activate any Spell/Trap Cards until the end of the Damage Step.",Machine,Ancient Gear,1800.0,500.0,4.0,EARTH,,SGX1-END10,(C),Speed Duel GX: Duel Academy Box,0
56094445,Ancient Gear Soldier,Effect Monster,effect,"If this card attacks, your opponent cannot activate any Spell/Trap Cards until the end of the Damage Step.",Machine,Ancient Gear,1300.0,1300.0,4.0,EARTH,,SGX1-END07,(C),Speed Duel GX: Duel Academy Box,0
9156135,Apprentice Magician,Effect Monster,effect,If this card is Summoned: Target 1 face-up card on the field that you can place a Spell Counter on; place 1 Spell Counter on that target. If this card is destroyed by battle: You can Special Summon 1 Level 2 or lower Spellcaster monster from your Deck in face-down Defense Position.,Spellcaster,Magician,400.0,800.0,2.0,DARK,,SGX1-ENI05,(C),Speed Duel GX: Duel Academy Box,0
300302023,Armed and Ready!,Skill Card,skill,"Once per Duel, during your Main Phase, you can send 1 ""LV"" monster you control to the GY, then Special Summon the ""LV"" monster mentioned in its text from your hand, Deck, or GY, as if it were Summoned by the sent monster's effect.",Chazz Princet,,,,,,,SGX1-ENS11,(C),Speed Duel GX: Duel Academy Box,0
980973,Armed Dragon LV3,Effect Monster,effect,"During your Standby Phase: You can send this card to the GY; Special Summon 1 ""Armed Dragon LV5"" from your hand or Deck.",Dragon,Armed Dragon,1200.0,900.0,3.0,WIND,,SGX1-ENC06,(C),Speed Duel GX: Duel Academy Box,0
46384672,Armed Dragon LV5,Effect Monster,effect,"You can send 1 monster from your hand to the GY, then target 1 monster your opponent controls with ATK less than or equal to the sent monster's ATK; destroy that target. During the End Phase, if this card destroyed a monster by battle this turn: You can send this card to the GY; Special Summon 1 ""Armed Dragon LV7"" from your hand or Deck.",Dragon,Armed Dragon,2400.0,1700.0,5.0,WIND,,SGX1-ENC07,(C),Speed Duel GX: Duel Academy Box,0
73879377,Armed Dragon LV7,Effect Monster,effect,"Cannot be Normal Summoned/Set. Must be Special Summoned by ""Armed Dragon LV5"". You can send 1 monster from your hand to the GY; destroy all monsters your opponent controls with ATK less than or equal to that sent monster's ATK.",Dragon,Armed Dragon,2800.0,1000.0,7.0,WIND,,SGX1-ENC08,(C),Speed Duel GX: Duel Academy Box,0
52497105,Berserk Scales,Spell Card,spell,"Target 1 face-up monster you control (except a monster that is attacking directly); it gains 1000 ATK, also it cannot attack your opponent directly for the rest of this turn. During the End Phase of this turn, it loses 2000 ATK.",Quick-Play,,,,,,,SGX1-ENE16,(C),Speed Duel GX: Duel Academy Box,0
42129512,Big Koala,Normal Monster,normal,"A species of huge Des Koala. He's meek, but people are afraid of him because he's very powerful.",Beast,Koala,2700.0,2000.0,7.0,EARTH,,SGX1-ENI02,(C),Speed Duel GX: Duel Academy Box,0
50896944,Black Brachios,Effect Monster,effect,When this card is Normal Summoned: You can target 1 monster on the field; change that target to face-up Defense Position.,Dinosaur,,1800.0,1100.0,4.0,EARTH,,SGX1-ENI10,(C),Speed Duel GX: Duel Academy Box,0
97023549,Blade Skater,Normal Monster,normal,"An image of beauty on the ice, this gorgeous warrior rips her opponents into pieces with her stylish Accel Slicer attack.",Warrior,,1400.0,1500.0,4.0,EARTH,,SGX1-ENE01,(C),Speed Duel GX: Duel Academy Box,0
69537999,Blaze Accelerator,Spell Card,spell,"You can target 1 monster your opponent controls; send 1 Pyro-Type monster with 500 or less ATK from your hand to the Graveyard, and if you do, destroy that target. You cannot declare an attack during the turn you activate this effect.",Continuous,Blaze Accelerator,,,,,,SGX1-ENH14,(C),Speed Duel GX: Duel Academy Box,0
300302024,Blaze Accelerator Deployment (Skill Card),Skill Card,skill,"Once per turn, you can change the name of 1 ""Blaze Accelerator"" you control to ""Tri-Blaze Accelerator"". This Skill can be used twice per Duel.",Axel Brodie,,,,,,,SGX1-ENS08,(C),Speed Duel GX: Duel Academy Box,0
5464695,Blazing Inpachi,Normal Monster,normal,"A wicked wooden spirit now burning in flames. Its fire attack is powerful, but it will soon be nothing but ashes.",Pyro,,1850.0,0.0,4.0,FIRE,,SGX1-ENH02,(C),Speed Duel GX: Duel Academy Box,0
14087893,Book of Moon,Spell Card,spell,Target 1 face-up monster on the field; change that target to face-down Defense Position.,Quick-Play,Book of,,,,,,SGX1-ENI15,(C),Speed Duel GX: Duel Academy Box,0
52112003,Card Advance,Spell Card,spell,"Look at up to 5 cards from the top of your Deck, then place them on the top of the Deck in any order. You can Tribute Summon 1 monster in addition to your Normal Summon/Set this turn. (You can only gain this effect once per turn.)",Normal,,,,,,,SGX1-END16,(C),Speed Duel GX: Duel Academy Box,0
13179332,Charcoal Inpachi,Normal Monster,normal,A wicked wooden spirit that has burned out. The barbecue grilled with this charcoal is so awesome that everybody thinks it's priceless.,Pyro,,100.0,2100.0,1.0,FIRE,,SGX1-ENH03,(C),Speed Duel GX: Duel Academy Box,0
64599569,Chimeratech Overdragon,Fusion Monster,fusion,"""Cyber Dragon"" + 1+ Machine monsters
Must be Fusion Summoned. If this card is Fusion Summoned: Send all other cards you control to the GY. The original ATK/DEF of this card each become equal to the number of Fusion Materials used for its Fusion Summon x 800. Each turn, this card can attack your opponent's monsters a number of times equal to the number of Fusion Materials used for its Fusion Summon.",Machine,,0.0,0.0,9.0,DARK,,SGX1-ENG22,(C),Speed Duel GX: Duel Academy Box,0
16956455,Chiron the Mage,Effect Monster,effect,"Once per turn: You can discard 1 Spell Card, then target 1 Spell/Trap Card your opponent controls; destroy that target.",Beast-Warrior,,1800.0,1000.0,4.0,EARTH,,SGX1-ENC05,(C),Speed Duel GX: Duel Academy Box,0
300302025,Consumed By Darkness,Skill Card,skill,"All ""Crystal Beast"" monsters on the field and in the GY become DARK. If an ""Ultimate Crystal"" monster attacks, negate the effects of the attack target during that Battle Phase. During damage calculation, if a ""Crystal Beast"" monster you control battles and you would take damage: You can send 1 ""Crystal Beast"" monster from your Deck to the GY; you take no battle damage from that battle.",Yubel,,,,,,,SGX1-ENS20,(C),Speed Duel GX: Duel Academy Box,0
8267140,Cosmic Cyclone,Spell Card,spell,"Pay 1000 LP, then target 1 Spell/Trap on the field; banish it.",Quick-Play,,,,,,,SGX1-ENE17,(C),Speed Duel GX: Duel Academy Box,0
74458486,Covering Fire,Trap Card,trap,"During the Damage Step, while an opponent's monster is attacking a monster you control: Target 1 other face-up monster you control; your attacked monster gains ATK equal to that target's ATK during the Damage Step only.",Normal,,,,,,,SGX1-ENH18,(C),Speed Duel GX: Duel Academy Box,0
95326659,Crystal Beacon,Spell Card,spell,"Special Summon 1 ""Crystal Beast"" monster from your Deck. You must have 2 or more ""Crystal Beast"" cards in your Spell & Trap Card Zone to activate and to resolve this effect.",Normal,Crystal Beast,,,,,,SGX1-ENI18,(C),Speed Duel GX: Duel Academy Box,0
69937550,Crystal Beast Amber Mammoth,Effect Monster,effect,"When another face-up ""Crystal Beast"" monster you control is targeted for an attack: You can make this card the attack target instead. If this face-up card is destroyed while it is in a Monster Card Zone, you can place it face-up in your Spell & Trap Card Zone as a Continuous Spell Card, instead of sending it to the Graveyard.",Beast,Crystal Beast,1700.0,1600.0,4.0,EARTH,,SGX1-ENF03,(C),Speed Duel GX: Duel Academy Box,0
32933942,Crystal Beast Amethyst Cat,Effect Monster,effect,"This card can attack your opponent directly, but when it uses this effect, any Battle Damage it inflicts to your opponent is halved. If this face-up card is destroyed while it is in a Monster Card Zone, you can place it face-up in your Spell & Trap Card Zone as a Continuous Spell Card, instead of sending it to the Graveyard.",Beast,Crystal Beast,1200.0,400.0,3.0,EARTH,,SGX1-ENF02,(C),Speed Duel GX: Duel Academy Box,0
21698716,Crystal Beast Cobalt Eagle,Effect Monster,effect,"Once per turn: You can target 1 face-up ""Crystal Beast"" card you control; return that target to the top of the Deck. If this face-up card is destroyed while it is in a Monster Card Zone, you can place it face-up in your Spell & Trap Card Zone as a Continuous Spell Card, instead of sending it to the Graveyard.",Winged Beast,Crystal Beast,1400.0,800.0,4.0,WIND,,SGX1-ENF07,(C),Speed Duel GX: Duel Academy Box,0
68215963,Crystal Beast Emerald Tortoise,Effect Monster,effect,"Once per turn: You can target 1 monster you control that attacked this turn; change that target to Defense Position. If this face-up card is destroyed while it is in a Monster Card Zone, you can place it face-up in your Spell & Trap Card Zone as a Continuous Spell Card, instead of sending it to the Graveyard.",Aqua,Crystal Beast,600.0,2000.0,3.0,WATER,,SGX1-ENF05,(C),Speed Duel GX: Duel Academy Box,0
32710364,Crystal Beast Ruby Carbuncle,Effect Monster,effect,"When this card is Special Summoned: You can Special Summon as many ""Crystal Beast"" Monster Cards as possible from your Spell & Trap Zones. If this face-up card is destroyed in a Monster Zone, you can place it face-up in your Spell & Trap Zone as a Continuous Spell, instead of sending it to the GY.",Fairy,Crystal Beast,300.0,300.0,3.0,LIGHT,,SGX1-ENF04,(C),Speed Duel GX: Duel Academy Box,0
7093411,Crystal Beast Sapphire Pegasus,Effect Monster,effect,"When this card is Summoned: You can place 1 ""Crystal Beast"" monster from your hand, Deck, or GY, face-up in your Spell & Trap Zone as a Continuous Spell. If this face-up card is destroyed in a Monster Zone, you can place it face-up in your Spell & Trap Zone as a Continuous Spell, instead of sending it to the GY.",Beast,Crystal Beast,1800.0,1200.0,4.0,WIND,,SGX1-ENF08,(C),Speed Duel GX: Duel Academy Box,0
95600067,Crystal Beast Topaz Tiger,Effect Monster,effect,"If this card attacks an opponent's monster, it gains 400 ATK during the Damage Step only. If this face-up card is destroyed while it is in a Monster Card Zone, you can place it face-up in your Spell & Trap Card Zone as a Continuous Spell Card, instead of sending it to the Graveyard.",Beast,Crystal Beast,1600.0,1000.0,4.0,EARTH,,SGX1-ENF06,(C),Speed Duel GX: Duel Academy Box,0
35486099,Crystal Blessing,Spell Card,spell,"Target up to 2 ""Crystal Beast"" monsters in your Graveyard; place those targets face-up in your Spell & Trap Card Zone as Continuous Spell Cards.",Normal,Crystal Beast,,,,,,SGX1-ENF12,(C),Speed Duel GX: Duel Academy Box,0
87259933,Crystal Conclave,Trap Card,trap,"Once per turn, if a face-up ""Crystal Beast"" monster(s) you control is destroyed by battle or card effect: You can Special Summon 1 ""Crystal Beast"" monster from your Deck. You can send this face-up card from the field to the GY, then target 1 ""Crystal Beast"" card you control and 1 card on the field; return them to the hand. You cannot activate these effects in the same Chain.",Continuous,Crystal Beast,,,,,,SGX1-ENF20,(C),Speed Duel GX: Duel Academy Box,0
8275702,Crystal Promise,Spell Card,spell,"Target 1 ""Crystal Beast"" card in your Spell & Trap Card Zone; Special Summon that target.",Normal,Crystal Beast,,,,,,SGX1-ENF13,(C),Speed Duel GX: Duel Academy Box,0
96331676,Crystal Raigeki,Trap Card,trap,"Send 1 ""Crystal Beast"" card from your Spell & Trap Card Zone to the Graveyard to target 1 card your opponent controls; destroy that target.",Normal,Crystal Beast,,,,,,SGX1-ENF16,(C),Speed Duel GX: Duel Academy Box,0
10004783,Crystal Release,Spell Card,spell,"Equip only to a ""Crystal Beast"" monster. It gains 800 ATK. When this card is sent from the field to the GY: You can place 1 ""Crystal Beast"" monster from your Deck face-up in your Spell & Trap Zone as a Continuous Spell.",Equip,Crystal Beast,,,,,,SGX1-ENF14,(C),Speed Duel GX: Duel Academy Box,0
82099401,Crystal Seer,Flip Effect Monster,effect,"FLIP: Excavate the top 2 cards of your Deck, then add 1 of them to your hand, then place the other on the bottom of your Deck.",Spellcaster,,100.0,100.0,1.0,WATER,,SGX1-ENF09,(C),Speed Duel GX: Duel Academy Box,0
300302026,Crystal Transcendence,Skill Card,skill,"You can only Summon/Set ""Crystal"" monsters and Dragon monsters while this Skill is face-up. Once per turn, during your Main Phase, you can send up to 3 cards from your hand to your GY, then choose that many ""Crystal Beast"" monster(s) with different names from your Deck and place them in your Spell & Trap Zone as Continuous Spell Card(s). This Skill can be used twice per Duel.",Jesse Anderso,,,,,,,SGX1-ENS06,(C),Speed Duel GX: Duel Academy Box,0
47408488,Crystal Tree,Spell Card,spell,"Each time a ""Crystal Beast"" monster(s) is placed in either player's Spell & Trap Zone, place 1 Crystal Counter on this card. You can send this card to the GY; take a number of ""Crystal Beast"" monsters from your Deck equal to the number of Crystal Counters that were on this card, and place them face-up in your Spell & Trap Zone as Continuous Spells.",Continuous,Crystal Beast,,,,,,SGX1-ENF15,(C),Speed Duel GX: Duel Academy Box,0
77235086,Cyber Angel Benten,Ritual Effect Monster,ritual,"You can Ritual Summon this card with ""Machine Angel Ritual"". If this card destroys a monster by battle and sends it to the GY: Inflict damage to your opponent equal to that monster's original DEF in the GY. If this card is Tributed: You can add 1 LIGHT Fairy monster from your Deck to your hand.",Fairy,Cyber Angel,1800.0,1500.0,6.0,LIGHT,,SGX1-ENE10,(C),Speed Duel GX: Duel Academy Box,0
3629090,Cyber Angel Idaten,Ritual Effect Monster,ritual,"You can Ritual Summon this card with ""Machine Angel Ritual"". If this card is Ritual Summoned: You can add 1 Ritual Spell from your Deck or GY to your hand. If this card is Tributed: You can make all Ritual Monsters you control gain 1000 ATK/DEF.",Fairy,Cyber Angel,1600.0,2000.0,6.0,LIGHT,,SGX1-ENE11,(C),Speed Duel GX: Duel Academy Box,0
91668401,Cyber Angel Izana,Ritual Effect Monster,ritual,"You can Ritual Summon this card with ""Machine Angel Ritual"". If this card is Ritual Summoned: You can make your opponent send 1 Spell/Trap they control to the GY. When this attacking card destroys an opponent's monster by battle and sends it to the GY: You can activate this effect; this card can make a second attack on an opponent's monster in a row. Once per turn, when your opponent activates a card or effect that targets a ""Cyber Angel"" Ritual Monster you control (Quick Effect): You can shuffle 1 Ritual Monster from your GY into the Deck, and if you do, destroy 1 card your opponent controls.",Fairy,Cyber Angel,2500.0,2600.0,8.0,LIGHT,,SGX1-ENE12,(C),Speed Duel GX: Duel Academy Box,0
300302027,Cyber Blade Fusion,Skill Card,skill,"Once per turn, you can discard 1 card to Fusion Summon 1 ""Cyber Blader"" by sending either ""Etoile Cyber"" or ""Blade Skater"" from your field to the GY as 1 Fusion Material, and the other material from your hand, field, or Deck to the GY. That ""Cyber Blader"" gains 400 ATK. This Skill can be used twice per Duel.",Alexis Rhodes,,,,,,,SGX1-ENS05,(C),Speed Duel GX: Duel Academy Box,0
10248389,Cyber Blader,Fusion Monster,fusion,"""Etoile Cyber"" + ""Blade Skater""
A Fusion Summon of this card can only be conducted with the above Fusion Material Monsters. While your opponent controls only 1 monster, this card cannot be destroyed by battle. While your opponent controls only 2 monsters, double this card's ATK. While your opponent controls only 3 monsters, negate the effects of your opponent's Spell, Trap, and Effect Monster Cards.",Warrior,,2100.0,800.0,7.0,EARTH,,SGX1-ENE21,(C),Speed Duel GX: Duel Academy Box,0
70095154,Cyber Dragon,Effect Monster,effect,"If only your opponent controls a monster, you can Special Summon this card (from your hand).",Machine,Cyber Dragon,2100.0,1600.0,5.0,LIGHT,,SGX1-ENG01,(C),Speed Duel GX: Duel Academy Box,0
1546123,Cyber End Dragon,Fusion Monster,fusion,"""Cyber Dragon"" + ""Cyber Dragon"" + ""Cyber Dragon""
A Fusion Summon of this card can only be done with the above Fusion Materials. If this card attacks a Defense Position monster, inflict piercing battle damage.",Machine,,4000.0,2800.0,10.0,LIGHT,,SGX1-ENG21,(C),Speed Duel GX: Duel Academy Box,0
76763417,Cyber Gymnast,Effect Monster,effect,"Once per turn: You can discard 1 card, then target 1 face-up Attack Position monster your opponent controls; destroy that target.",Warrior,,800.0,1800.0,4.0,EARTH,,SGX1-ENE08,(C),Speed Duel GX: Duel Academy Box,0
12670770,Cyber Network,Trap Card,trap,"Destroy this card during your 3rd Standby Phase after activation. Once per turn, if ""Cyber Dragon"" is on the field: You can banish 1 LIGHT Machine monster from your Deck. When this card is sent from the field to the GY: Special Summon as many of your banished LIGHT Machine monsters as possible, and if you do, destroy all Spells and Traps you control. Monsters that were Special Summoned by this effect cannot activate their effects. You cannot conduct your Battle Phase the turn you activate this effect.",Continuous,Cyber Dragon,,,,,,SGX1-ENG20,(C),Speed Duel GX: Duel Academy Box,0
3370104,Cyber Phoenix,Effect Monster,effect,"While this card is in Attack Position, negate any Spell/Trap effects that target 1 Machine monster you control (and no other cards). When this card is destroyed by battle and sent to the GY: You can draw 1 card.",Machine,,1200.0,1600.0,4.0,FIRE,,SGX1-ENG04,(C),Speed Duel GX: Duel Academy Box,0
2158562,Cyber Prima,Effect Monster,effect,If this card is Tribute Summoned: Destroy all face-up Spell Cards on the field.,Warrior,,2300.0,1600.0,6.0,LIGHT,,SGX1-ENE09,(C),Speed Duel GX: Duel Academy Box,0
90440725,Cyber Shadow Gardna,Trap Card,trap,"During your opponent's Main Phase: Special Summon this card as an Effect Monster (Machine/EARTH/Level 4/ATK ?/DEF ?). (This card is also still a Trap.) When an opponent's monster declares an attack that targets this card: The ATK/DEF of this card become the ATK/DEF of the attacking monster. Once per turn, during your opponent's End Phase: Set this card in its Spell & Trap Zone.",Continuous,,,,,,,SGX1-ENG17,(C),Speed Duel GX: Duel Academy Box,0
49375719,Cyber Tutu,Effect Monster,effect,"If the ATK of each monster your opponent controls is higher than the ATK of this card, this card can attack your opponent directly.",Warrior,,1000.0,800.0,3.0,EARTH,,SGX1-ENE07,(C),Speed Duel GX: Duel Academy Box,0
3657444,Cyber Valley,Effect Monster,effect,"You can use 1 of these effects.
● When this card is targeted for an attack by an opponent's monster: You can banish this card; draw 1 card, then end the Battle Phase.
● You can target 1 face-up monster you control and this card; banish both that target and this card, then draw 2 cards.
● You can target 1 card in your GY; banish both this card and 1 card from your hand, then place that target on top of the Deck.",Machine,,0.0,0.0,1.0,LIGHT,,SGX1-ENG09,(C),Speed Duel GX: Duel Academy Box,0
82562802,Cyberdark Claw,Effect Monster,effect,"If this card is sent to the GY while equipped to a monster: You can target 1 ""Cyberdark"" monster in your GY; add it to your hand. You can only use each of the following effects of ""Cyberdark Claw"" once per turn.
● You can discard this card; add 1 ""Cyberdark"" Spell/Trap from your Deck to your hand.
● During damage calculation, if a monster equipped with this card battles: You can send 1 monster from your Extra Deck to the GY.",Dragon,Cyberdark,1600.0,800.0,3.0,DARK,,SGX1-ENG10,(C),Speed Duel GX: Duel Academy Box,0
40418351,Cyberdark Dragon,Fusion Monster,fusion,"""Cyberdark Horn"" + ""Cyberdark Edge"" + ""Cyberdark Keel""
This monster cannot be Special Summoned except by Fusion Summon. When this monster is Special Summoned, select 1 Dragon-Type monster in your Graveyard and equip it to this card. This card gains ATK equal to the equipped card's ATK. This card gains 100 ATK for each Monster Card in your Graveyard. If this card would be destroyed by battle, the equipped monster is destroyed instead.",Machine,Cyberdark,1000.0,1000.0,8.0,DARK,,SGX1-ENG23,(C),Speed Duel GX: Duel Academy Box,0
77625948,Cyberdark Edge,Effect Monster,effect,"If this card is Normal Summoned: Target 1 Level 3 or lower Dragon monster in your GY; equip that Dragon monster to this card. Gains ATK equal to the original ATK of the monster equipped to it by this effect. This card can attack directly. If it does using this effect, its ATK is halved during damage calculation only. If this card would be destroyed by battle, destroy the monster equipped to it by its effect, instead.",Machine,Cyberdark,800.0,800.0,4.0,DARK,,SGX1-ENG06,(C),Speed Duel GX: Duel Academy Box,0
41230939,Cyberdark Horn,Effect Monster,effect,"If this card is Normal Summoned: Target 1 Level 3 or lower Dragon monster in your GY; equip that Dragon monster to this card. Gains ATK equal to the original ATK of the monster equipped to it by this effect. If this card attacks a Defense Position monster, inflict piercing battle damage. If this card would be destroyed by battle, destroy the monster equipped to it by its effect, instead.",Machine,Cyberdark,800.0,800.0,4.0,DARK,,SGX1-ENG05,(C),Speed Duel GX: Duel Academy Box,0
80033124,Cyberdark Impact!,Spell Card,spell,"Fusion Summon 1 ""Cyberdark Dragon"" from your Extra Deck, by returning 1 each of ""Cyberdark Horn"", ""Cyberdark Edge"", and ""Cyberdark Keel"" from your hand, GY, and/or anywhere on your field, to the Deck, as Fusion Material.",Normal,Cyberdark,,,,,,SGX1-ENG15,(C),Speed Duel GX: Duel Academy Box,0
3019642,Cyberdark Keel,Effect Monster,effect,"If this card is Normal Summoned: Target 1 Level 3 or lower Dragon monster in your GY; equip that Dragon monster to this card. Gains ATK equal to the original ATK of the monster equipped to it by this effect. If this card destroys an opponent's monster by battle: Inflict 300 damage to your opponent. If this card would be destroyed by battle, destroy the monster equipped to it by its effect, instead.",Machine,Cyberdark,800.0,800.0,4.0,DARK,,SGX1-ENG07,(C),Speed Duel GX: Duel Academy Box,0
300302028,Cyberdark Style (Skill Card),Skill Card,skill,"Once per turn, choose 3 ""Cyberdark"" monsters from your Deck. Your opponent randomly adds 1 of them to your hand. Shuffle the other 2 along with 1 card from your hand back into your Deck, then flip this card over. This Skill can be used up to three times, once when your LP are 3000 or less, once when your LP are 2000 or less, and once when your LP are 1000 or less.",Zane Truesdal,,,,,,,SGX1-ENS15,(C),Speed Duel GX: Duel Academy Box,0
43405287,D - Chain,Trap Card,trap,"Target a ""Destiny HERO"" monster you control; equip this card to that target. It gains 500 ATK. When it destroys a monster your opponent controls by battle and sends it to the Graveyard: Inflict 500 damage to your opponent.",Normal,Destiny HERO,,,,,,SGX1-ENB18,(C),Speed Duel GX: Duel Academy Box,0
8698851,D - Counter,Trap Card,trap,"When a ""Destiny HERO"" monster you control is targeted for an attack: Destroy the attacking monster.",Normal,Destiny HERO,,,,,,SGX1-ENB19,(C),Speed Duel GX: Duel Academy Box,0
89899996,D - Spirit,Spell Card,spell,"Special Summon 1 Level 4 or lower ""Destiny HERO"" monster from your hand. You must not control any face-up ""Destiny HERO"" monsters to activate and to resolve this effect.",Normal,Destiny HERO,,,,,,SGX1-ENB14,(C),Speed Duel GX: Duel Academy Box,0
7572887,D.D. Warrior Lady,Effect Monster,effect,"After damage calculation, when this card battles an opponent's monster: You can banish that monster, also banish this card.",Warrior,D.D.,1500.0,1600.0,4.0,LIGHT,{'ban_goat': 'Limited'},SGX1-ENE04,(C),Speed Duel GX: Duel Academy Box,0
28378427,Damage Condenser,Trap Card,trap,"When you take battle damage: Discard 1 card; Special Summon 1 monster from your Deck with ATK less than or equal to the battle damage you took, in face-up Attack Position.",Normal,,,,,,,SGX1-END19,(C),Speed Duel GX: Duel Academy Box,0
53527835,Dark City,Spell Card,spell,"When a ""Destiny HERO"" monster attacks, if its ATK is lower than the ATK of the attack target, the attacking monster gains 1000 ATK during damage calculation only.",Field,Destiny HERO,,,,,,SGX1-ENB13,(C),Speed Duel GX: Duel Academy Box,0
87621407,Dekoichi the Battlechanted Locomotive,Flip Effect Monster,effect,"FLIP: Draw 1 card, then draw 1 additional card for each face-up ""Bokoichi the Freightening Car"" you control.",Machine,,1400.0,1000.0,4.0,DARK,,SGX1-END05,(C),Speed Duel GX: Duel Academy Box,0
78613627,Des Kangaroo,Effect Monster,effect,"If the ATK of a monster that attacks this monster in Defense Position is lower than the DEF of this card, destroy the attacking monster. (Damage calculation is applied normally.)",Beast,,1500.0,1700.0,4.0,DARK,,SGX1-ENI06,(C),Speed Duel GX: Duel Academy Box,0
76263644,Destiny End Dragoon,Fusion Monster,fusion,"""Destiny HERO - Plasma"" + ""Destiny HERO - Dogma""
A Fusion Summon of this card can only be done with the above Fusion Materials. Once per turn: You can target 1 monster your opponent controls; destroy that target, and if it was face-up, inflict damage to your opponent equal to the ATK it had on the field. You cannot conduct your Battle Phase the turn you activate this effect. Once per turn, during your Standby Phase, if this card is in your GY: You can banish 1 ""Destiny HERO"" card from your GY; Special Summon this card.",Warrior,Destiny HERO,3000.0,3000.0,10.0,DARK,,SGX1-ENB20,(C),Speed Duel GX: Duel Academy Box,0
55461064,Destiny HERO - Blade Master,Effect Monster,effect,"During your opponent's Battle Phase: You can discard this card; all face-up ""Destiny HERO"" monsters you control gain 800 ATK until the End Phase.",Warrior,Destiny HERO,300.0,600.0,3.0,DARK,,SGX1-ENB04,(C),Speed Duel GX: Duel Academy Box,0
30757127,Destiny HERO - Dangerous,Fusion Monster,fusion,"1 ""Destiny HERO"" monster + 1 DARK Effect Monster
(Quick Effect): You can discard 1 card; send 1 ""Destiny HERO"" monster from your hand or Deck to the GY, and if you do, ""Destiny HERO"" monsters you control gain 200 ATK for each ""Destiny HERO"" monster in your GY until the end of this turn. You can only use this effect of ""Destiny HERO - Dangerous"" once per turn.",Warrior,Destiny HERO,2000.0,2600.0,6.0,DARK,,SGX1-ENB21,(C),Speed Duel GX: Duel Academy Box,0
26964762,Destiny HERO - Dark Angel,Effect Monster,effect,"If you have 3 or more ""Destiny HERO"" monsters in your GY: You can discard this card, then target 1 ""Destiny HERO"" monster in your GY; Special Summon it to your opponent's field in Defense Position. When a Spell Card or effect you activate resolves, negate that effect, and if you do, or if it did not have an effect, destroy that card. During your Standby Phase: You can banish this card and 1 ""Destiny HERO"" monster from your GY; each player chooses 1 Normal Spell from their Deck, and places it on top of their Deck.",Warrior,Destiny HERO,0.0,0.0,1.0,DARK,,SGX1-ENB09,(C),Speed Duel GX: Duel Academy Box,0
81866673,Destiny HERO - Dasher,Effect Monster,effect,"Once per turn: You can Tribute 1 other monster; this card gains 1000 ATK until the End Phase. If this card attacks, change it to Defense Position at the end of the Battle Phase. One time only, when you draw a Monster Card during your Draw Phase while this card is in your Graveyard: You can reveal it; Special Summon it. This card must be in the Graveyard to activate and to resolve this effect.",Warrior,Destiny HERO,2100.0,1000.0,6.0,DARK,,SGX1-ENB05,(C),Speed Duel GX: Duel Academy Box,0
13093792,Destiny HERO - Diamond Dude,Effect Monster,effect,"Once per turn: You can excavate the top card of your Deck, and if it is a Normal Spell, send it to the GY, otherwise place it on the bottom of your Deck. During the Main Phase of your next turn, you can activate the effect of that Spell in your GY (even if you no longer control this face-up card).",Warrior,Destiny HERO,1400.0,1600.0,4.0,DARK,,SGX1-ENB03,(C),Speed Duel GX: Duel Academy Box,0
17132130,Destiny HERO - Dogma,Effect Monster,effect,"Cannot be Normal Summoned/Set. Must be Special Summoned (from your hand) by Tributing 3 monsters, including at least 1 ""Destiny HERO"" monster. Once per turn, if you still control this face-up card during your opponent's next Standby Phase after you Special Summoned it this way: Halve your opponent's LP.",Warrior,Destiny HERO,3400.0,2400.0,8.0,DARK,,SGX1-ENB07,(C),Speed Duel GX: Duel Academy Box,0
41613948,Destiny HERO - Doom Lord,Effect Monster,effect,"Once per turn: You can target 1 monster your opponent controls; banish that target. You cannot declare an attack the turn you activate this effect. You must control this face-up Attack Position card to activate and to resolve this effect. The banished monster returns to the opponent's side of the field, in the same battle position, during your 2nd Standby Phase after activation.",Warrior,Destiny HERO,600.0,800.0,3.0,DARK,,SGX1-ENB02,(C),Speed Duel GX: Duel Academy Box,0
80744121,Destiny HERO - Fear Monger,Effect Monster,effect,"During your Standby Phase, if this card is in your Graveyard because it was destroyed by battle and sent there since your last Standby Phase: Target 1 ""Destiny HERO"" monster in your Graveyard, except a ""Destiny HERO - Fear Monger""; Special Summon that target.",Warrior,Destiny HERO,1000.0,1000.0,4.0,DARK,,SGX1-ENB06,(C),Speed Duel GX: Duel Academy Box,0
9411399,Destiny HERO - Malicious,Effect Monster,effect,"You can banish this card from your GY; Special Summon 1 ""Destiny HERO - Malicious"" from your Deck.",Warrior,Destiny HERO,800.0,800.0,6.0,DARK,"{'ban_tcg': 'Semi-Limited', 'ban_ocg': 'Semi-Limited'}",SGX1-ENB08,(C),Speed Duel GX: Duel Academy Box,0
83965311,Destiny HERO - Plasma,Effect Monster,effect,Cannot be Normal Summoned/Set. Must be Special Summoned (from your hand) by Tributing 3 monsters. Negate the effects of face-up monsters while your opponent controls them. Once per turn: You can target 1 monster your opponent controls; equip that target to this card (max. 1). Gains ATK equal to half the original ATK of the monster equipped to it by this effect.,Warrior,Destiny HERO,1900.0,600.0,8.0,DARK,,SGX1-ENB01,(C),Speed Duel GX: Duel Academy Box,0
35464895,Destiny Signal,Trap Card,trap,"When a monster you control is destroyed by battle and sent to the GY: Special Summon 1 Level 4 or lower ""Destiny HERO"" monster from your hand or Deck.",Normal,Destiny HERO,,,,,,SGX1-ENB17,(C),Speed Duel GX: Duel Academy Box,0
11961740,Different Dimension Capsule,Spell Card,spell,"Select 1 card from your Deck and remove it from play face-down. During your 2nd Standby Phase after activation, destroy this card and add the removed card to your hand.",Normal,,,,,,,SGX1-ENG12,(C),Speed Duel GX: Duel Academy Box,0
79997591,Doble Passe,Trap Card,trap,"When an opponent's monster declares an attack on a face-up Attack Position monster you control: Make your opponent's attack a direct attack instead and inflict damage to your opponent equal to the ATK of the attack target you control. Also, that monster you control can attack your opponent directly during your next turn.",Normal,,,,,,,SGX1-ENE19,(C),Speed Duel GX: Duel Academy Box,0
76922029,Don Zaloog,Effect Monster,effect,"When this card inflicts battle damage to your opponent: You can activate 1 of these effects;
● Discard 1 random card from their hand.
● Send the top 2 cards of their Deck to the GY.",Warrior,Dark Scorpion,1400.0,1500.0,4.0,DARK,,SGX1-ENI04,(C),Speed Duel GX: Duel Academy Box,0
75652080,Double Cyclone,Spell Card,spell,Target 1 Spell/Trap you control and 1 Spell/Trap your opponent controls; destroy them.,Quick-Play,,,,,,,SGX1-END15,(C),Speed Duel GX: Duel Academy Box,0
82828051,Earthquake,Spell Card,spell,Change all face-up monsters on the field to Defense Position.,Normal,,,,,,,SGX1-END12,(C),Speed Duel GX: Duel Academy Box,0
21844576,Elemental HERO Avian,Normal Monster,normal,"A winged Elemental HERO who wheels through the sky and manipulates the wind. His signature move, Featherbreak, gives villainy a blow from sky-high.",Warrior,Elemental HERO,1000.0,1000.0,3.0,WIND,,SGX1-ENA01,(C),Speed Duel GX: Duel Academy Box,0
59793705,Elemental HERO Bladedge,Effect Monster,effect,"If this card attacks a Defense Position monster, inflict piercing battle damage to your opponent.",Warrior,Elemental HERO,2600.0,1800.0,7.0,EARTH,,SGX1-ENA09,(C),Speed Duel GX: Duel Academy Box,0
79979666,Elemental HERO Bubbleman,Effect Monster,effect,"If this is the only card in your hand, you can Special Summon it (from your hand). When this card is Summoned: You can draw 2 cards. You must control no other cards and have no cards in your hand to activate and to resolve this effect.",Warrior,Elemental HERO,800.0,1200.0,4.0,WATER,,SGX1-ENA08,(C),Speed Duel GX: Duel Academy Box,0
58932615,Elemental HERO Burstinatrix,Normal Monster,normal,A flame manipulator who was the first Elemental HERO woman. Her Burstfire burns away villainy.,Warrior,Elemental HERO,1200.0,800.0,3.0,FIRE,,SGX1-ENA02,(C),Speed Duel GX: Duel Academy Box,0
84327329,Elemental HERO Clayman,Normal Monster,normal,An Elemental HERO with a clay body built-to-last. He'll preserve his Elemental HERO colleagues at any cost.,Warrior,Elemental HERO,800.0,2000.0,4.0,EARTH,,SGX1-ENA03,(C),Speed Duel GX: Duel Academy Box,0
41517968,Elemental HERO Darkbright,Fusion Monster,fusion,"""Elemental HERO Sparkman"" + ""Elemental HERO Necroshade""
Must be Fusion Summoned and cannot be Special Summoned by other ways. If this card attacks a Defense Position monster, inflict piercing Battle Damage to your opponent. If this card attacks, change it to Defense Position at the end of the Damage Step. If this card is destroyed: Target 1 monster your opponent controls; destroy that target.",Warrior,Elemental HERO,2000.0,1000.0,6.0,DARK,,SGX1-ENA25,(C),Speed Duel GX: Duel Academy Box,0
35809262,Elemental HERO Flame Wingman,Fusion Monster,fusion,"""Elemental HERO Avian"" + ""Elemental HERO Burstinatrix""
Must be Fusion Summoned and cannot be Special Summoned by other ways. When this card destroys a monster by battle and sends it to the Graveyard: Inflict damage to your opponent equal to the ATK of the destroyed monster in the Graveyard.",Warrior,Elemental HERO,2100.0,1200.0,6.0,WIND,,SGX1-ENA21,(C),Speed Duel GX: Duel Academy Box,0
89252153,Elemental HERO Necroshade,Effect Monster,effect,"Once, while this card is in the Graveyard, 1 Level 5 or higher ""Elemental HERO"" monster you Normal Summon can be Summoned without Tributing.",Warrior,Elemental HERO,1600.0,1800.0,5.0,DARK,,SGX1-ENA11,(C),Speed Duel GX: Duel Academy Box,0
60493189,Elemental HERO Plasma Vice,Fusion Monster,fusion,"""Elemental HERO Sparkman"" + ""Elemental HERO Bladedge""
Must be Fusion Summoned and cannot be Special Summoned by other ways. If this card attacks a Defense Position monster, inflict piercing Battle Damage to your opponent. You can discard 1 card to target 1 Attack Position monster your opponent controls; destroy that target.",Warrior,Elemental HERO,2600.0,2300.0,8.0,EARTH,,SGX1-ENA26,(C),Speed Duel GX: Duel Academy Box,0
47737087,Elemental HERO Rampart Blaster,Fusion Monster,fusion,"""Elemental HERO Clayman"" + ""Elemental HERO Burstinatrix""
Must be Fusion Summoned and cannot be Special Summoned by other ways. This card can attack while in face-up Defense Position, but only if your opponent controls no monsters, and if it does, this card's ATK is halved during damage calculation only.",Warrior,Elemental HERO,2000.0,2500.0,6.0,EARTH,,SGX1-ENA23,(C),Speed Duel GX: Duel Academy Box,0
20721928,Elemental HERO Sparkman,Normal Monster,normal,An Elemental HERO and a warrior of light who proficiently wields many kinds of armaments. His Static Shockwave cuts off the path of villainy.,Warrior,Elemental HERO,1600.0,1400.0,4.0,LIGHT,,SGX1-ENA04,(C),Speed Duel GX: Duel Academy Box,0
81197327,Elemental HERO Steam Healer,Fusion Monster,fusion,"""Elemental HERO Burstinatrix"" + ""Elemental HERO Bubbleman""
Must be Fusion Summoned and cannot be Special Summoned by other ways. When this card destroys a monster by battle and sends it to the Graveyard: Gain Life Points equal to the ATK of that destroyed monster in the Graveyard.",Warrior,Elemental HERO,1800.0,1000.0,5.0,WATER,,SGX1-ENA24,(C),Speed Duel GX: Duel Academy Box,0
61204971,Elemental HERO Thunder Giant,Fusion Monster,fusion,"""Elemental HERO Sparkman"" + ""Elemental HERO Clayman""
Must be Fusion Summoned and cannot be Special Summoned by other ways. Once per turn: You can discard 1 card to target 1 face-up monster on the field with original ATK less than the ATK of this card; destroy that target.",Warrior,Elemental HERO,2400.0,1500.0,6.0,LIGHT,,SGX1-ENA22,(C),Speed Duel GX: Duel Academy Box,0
86188410,Elemental HERO Wildheart,Effect Monster,effect,This card is unaffected by Trap effects.,Warrior,Elemental HERO,1500.0,1600.0,4.0,EARTH,,SGX1-ENA10,(C),Speed Duel GX: Duel Academy Box,0
300302029,Energizing Elements,Skill Card,skill,"You can declare FIRE, WATER, EARTH, or WIND. This turn, monsters with the declared Attribute gain 500 ATK and lose 400 DEF, also any battle damage they inflict is halved. If you control no monsters with the declared Attribute, flip this card over.",Bastion Misaw,,,,,,,SGX1-ENS17,(C),Speed Duel GX: Duel Academy Box,0
11460577,Etoile Cyber,Effect Monster,effect,"If this card attacks your opponent directly, it gains 500 ATK during the Damage Step only.",Warrior,,1200.0,1600.0,4.0,EARTH,,SGX1-ENE06,(C),Speed Duel GX: Duel Academy Box,0
20586572,Exploder Dragon,Effect Monster,effect,If this card is destroyed by battle and sent to the Graveyard: Destroy the monster that destroyed it. Neither player takes any battle damage from attacks involving this attacking card.,Dragon,,1000.0,0.0,3.0,EARTH,,SGX1-ENG08,(C),Speed Duel GX: Duel Academy Box,0
94804055,Firewall,Trap Card,trap,"When your opponent declares a direct attack, you can negate that monster's attack by removing from play 1 Pyro-Type monster in your Graveyard. Pay 500 Life Points during each of your Standby Phases. If you do not, destroy this card.",Continuous,,,,,,,SGX1-ENH19,(C),Speed Duel GX: Duel Academy Box,0
69599136,Floodgate Trap Hole,Trap Card,trap,When your opponent Summons a monster(s): Change that monster(s) to face-down Defense Position. Monsters changed to face-down Defense Position by this effect cannot change their battle positions.,Normal,Hole,,,,,,SGX1-ENI23,(C),Speed Duel GX: Duel Academy Box,0
300302030,Forbidden Cyber Style Technique,Skill Card,skill,"Activate this Skill once per Duel, if your LP are 1500 or less and you control no monsters. Reduce your LP to 50, then Special Summon up to 3 Machine ""Cyber"" monsters from your hand, Deck, and/or GY. They each become ""Cyber Dragon"" (Machine/LIGHT/Level 5/ATK 2100/DEF 1600), and cannot be Tributed. For the rest of this turn, you cannot Summon/Set except by Fusion Summoning, nor attack except with Fusion Monsters. Destroy any monsters Summoned by this Skill during your End Phase.",Zane Truesdal,,,,,,,SGX1-ENS07,(C),Speed Duel GX: Duel Academy Box,0
18511384,Fusion Recovery,Spell Card,spell,"Target 1 ""Polymerization"" in your GY, and 1 monster in your GY that was used as material for a Fusion Summon; add them to your hand.",Normal,,,,,,,SGX1-ENA16,(C),Speed Duel GX: Duel Academy Box,0
26902560,Fusion Sage,Spell Card,spell,"Add 1 ""Polymerization"" from your Deck to your hand.",Normal,,,,,,,SGX1-ENA13,(C),Speed Duel GX: Duel Academy Box,0
37684215,Fusion Sword Murasame Blade,Spell Card,spell,"Equip only to a Warrior-Type monster. It gains 800 ATK. While equipped to a monster, this card cannot be destroyed by card effects.",Equip,,,,,,,SGX1-ENB12,(C),Speed Duel GX: Duel Academy Box,0
27967615,Fusion Weapon,Spell Card,spell,Equip only to a Level 6 or lower Fusion Monster. The equipped monster gains 1500 ATK and DEF.,Equip,,,,,,,SGX1-ENI16,(C),Speed Duel GX: Duel Academy Box,0
77565204,Future Fusion,Spell Card,spell,"During your 1st Standby Phase after this card's activation: Show 1 Fusion Monster in your Extra Deck and send the Fusion Materials listed on it from your Main Deck to the GY. During your 2nd Standby Phase after this card's activation: Fusion Summon 1 Fusion Monster from your Extra Deck with the same name as the monster you showed, and target it with this card. When this card leaves the field, destroy that target. When that target is destroyed, destroy this card.",Continuous,Magician,,,,,,SGX1-ENG13,(C),Speed Duel GX: Duel Academy Box,0
37694547,Geartown,Spell Card,spell,"Both players can Normal Summon ""Ancient Gear"" monsters for 1 less Tribute. When this card is destroyed and sent to the Graveyard: You can Special Summon 1 ""Ancient Gear"" monster from your hand, Deck, or Graveyard.",Field,Ancient Gear,,,,,,SGX1-END14,(C),Speed Duel GX: Duel Academy Box,0
97017120,Giant Rat,Effect Monster,effect,"When this card is destroyed by battle and sent to the Graveyard: You can Special Summon 1 EARTH monster with 1500 or less ATK from your Deck, in Attack Position.",Beast,,1400.0,1450.0,4.0,EARTH,,SGX1-END03,(C),Speed Duel GX: Duel Academy Box,0
53493204,Goddess with the Third Eye,Effect Monster,effect,"You can substitute this card for any 1 Fusion Material Monster. When you do this, the other Fusion Material Monster(s) must be the correct one(s).",Fairy,,1200.0,1000.0,4.0,LIGHT,,SGX1-ENA05,(C),Speed Duel GX: Duel Academy Box,0
48135190,Gravelstorm,Trap Card,trap,Target 1 Spell/Trap Card on each side of the field; return them to the hand.,Normal,,,,,,,SGX1-ENF19,(C),Speed Duel GX: Duel Academy Box,0
18325492,Gyroid,Effect Monster,effect,"Once per turn, this card cannot be destroyed by battle.",Machine,Roid,1000.0,1000.0,3.0,WIND,,SGX1-ENI07,(C),Speed Duel GX: Duel Academy Box,0
88789641,Hallowed Life Barrier,Trap Card,trap,"Discard 1 card from your hand. This turn, any damage you take from your opponent's cards and effects becomes 0.",Normal,,,,,,,SGX1-ENE18,(C),Speed Duel GX: Duel Academy Box,0
300302031,Here Goes Something!,Skill Card,skill,"Once per Duel, you can activate this Skill at the start of your Battle Phase, while you control exactly 1 ""Elemental HERO"" monster (and no other monsters). For the rest of this turn, that 1 monster gains 800 ATK while battling an opponent's monster and can attack all monsters your opponent controls, once each, also you cannot Special Summon monsters for the rest of this turn.",Jaden Yuki,,,,,,,SGX1-ENS01,(C),Speed Duel GX: Duel Academy Box,0
22020907,Hero Signal,Trap Card,trap,"When a monster you control is destroyed by battle and sent to the Graveyard: Special Summon 1 Level 4 or lower ""Elemental HERO"" monster from your hand or Deck.",Normal,Elemental HERO,,,,,,SGX1-ENA20,(C),Speed Duel GX: Duel Academy Box,0
8783685,Hourglass of Life,Normal Monster,normal,This creature grants power instead of shortening life.,Fairy,,700.0,600.0,2.0,LIGHT,,SGX1-ENI01,(C),Speed Duel GX: Duel Academy Box,0
96005454,Hunter Dragon,Normal Monster,normal,"This dragon has taken down countless prey with its sharp fangs. It strikes very quickly, because if it does not strike first it is vulnerable to a counter-attack.",Dragon,,1700.0,100.0,3.0,DARK,,SGX1-ENG02,(C),Speed Duel GX: Duel Academy Box,0
22587018,Hydrogeddon,Effect Monster,effect,"When this card destroys an opponent's monster by battle and sends it to the GY: You can Special Summon 1 ""Hydrogeddon"" from your Deck.",Dinosaur,Bonding,1600.0,1000.0,4.0,WATER,,SGX1-ENI08,(C),Speed Duel GX: Duel Academy Box,0
300302032,I've Got Dino DNA!,Skill Card,skill,"During each of your Draw Phases, you gain 200 LP. During your Draw Phase, if you draw a Dinosaur monster for your normal draw, you can reveal it and place it on the bottom of your Deck, then draw 1 card. Once per turn, during your Main Phase, you can make 1 Dinosaur monster you control gain 200 ATK until the end of this turn.",Tyranno Hassl,,,,,,,SGX1-ENS19,(C),Speed Duel GX: Duel Academy Box,0
98954106,Jar of Avarice,Trap Card,trap,"Target 5 cards in your GY, except ""Jar of Avarice""; shuffle all 5 into the Deck, then draw 1 card. You can only activate 1 ""Jar of Avarice"" per turn.",Normal,Greed,,,,,,SGX1-ENE20,(C),Speed Duel GX: Duel Academy Box,0
62271284,Justi-Break,Trap Card,trap,"Activate only when your opponent declares an attack against a face-up Normal Monster you control. Destroy all monsters on the field, except face-up Attack Position Normal Monsters.",Normal,,,,,,,SGX1-ENI22,(C),Speed Duel GX: Duel Academy Box,0
300302033,Land of the Ojamas (Skill Card),Skill Card,skill,"Once per turn: You can send 1 ""Ojama"" card from your hand to the GY; Special Summon 1 ""Ojama"" monster from your GY. While you control an ""Ojama"" monster, switch the original ATK/DEF of all monsters on the field.",Chazz Princet,,,,,,,SGX1-ENS03,(C),Speed Duel GX: Duel Academy Box,0
300302034,Looking into the Future,Skill Card,skill,"During your Main Phase, you can look at the top 3 cards of your Deck and return them in any order. You cannot activate Spell Cards the turn you use this Skill. Flip this card over at the end of the turn you activated this Skill.",Aster Phoenix,,,,,,,SGX1-ENS10,(C),Speed Duel GX: Duel Academy Box,0
300302035,Machine Angel Ascension,Skill Card,skill,"Once per turn, during your Main Phase, you can use 1 of these Skills, but each can only be used once per Duel
● Discard 1 Spell, then add 1 ""Cyber Angel"" Ritual Monster or 1 ""Machine Angel"" Ritual Spell from your Deck to your hand.
● Shuffle 1 ""Cyber Angel"" Ritual Monster or 1 ""Machine Angel"" Ritual Spell from your GY into the Deck.",Alexis Rhodes,,,,,,,SGX1-ENS13,(C),Speed Duel GX: Duel Academy Box,0
39996157,Machine Angel Ritual,Spell Card,spell,"This card can be used to Ritual Summon any ""Cyber Angel"" Ritual Monster. You must also Tribute monsters from your hand or field whose total Levels equal or exceed the Level of the Ritual Monster you Ritual Summon. If a LIGHT monster(s) you control would be destroyed by battle or card effect while this card is in your GY, you can banish this card instead.",Ritual,Cyber Angel,,,,,,SGX1-ENE15,(C),Speed Duel GX: Duel Academy Box,0
27134689,Master of Oz,Fusion Monster,fusion,"""Big Koala"" + ""Des Kangaroo""",Beast,Koala,4200.0,3700.0,9.0,EARTH,,SGX1-ENI13,(C),Speed Duel GX: Duel Academy Box,0
7359741,Mechanicalchaser,Normal Monster,normal,A hunter that relentlessly pursues its target by order of the Machine King.,Machine,,1850.0,800.0,4.0,DARK,,SGX1-END02,(C),Speed Duel GX: Duel Academy Box,0
71098407,Memory Loss,Trap Card,trap,"When a face-up Attack Position monster your opponent controls just activated an effect (except during the Damage Step): Negate that effect, and if you do, change that monster to face-up Defense Position.",Normal,,,,,,,SGX1-ENG19,(C),Speed Duel GX: Duel Academy Box,0
68540059,Metalmorph,Trap Card,trap,"Target 1 face-up monster on the field; equip this card to that target. It gains 300 ATK/DEF. If it attacks, it gains ATK equal to half the ATK of the attack target, during damage calculation only.",Normal,,,,,,,SGX1-END17,(C),Speed Duel GX: Duel Academy Box,0
37580756,Michizure,Trap Card,trap,"When a monster is sent from the field to your GY, even during the Damage Step: Target 1 monster on the field; destroy it.",Normal,,,,,,,SGX1-ENH17,(C),Speed Duel GX: Duel Academy Box,0
300302036,Middle Age Mechs (Skill Card),Skill Card,skill,"All ""Ancient Gear"" monsters gain 300 ATK. Each time a monster is Normal Summoned/Set, place 1 counter on this card. If you Tribute Summon an ""Ancient Gear"" monster face-up, you can Tribute this card instead, if the number of its counters is equal to or greater than the number of required Tribute(s).",Dr. Vellian C,,,,,,,SGX1-ENS12,(C),Speed Duel GX: Duel Academy Box,0
34815282,Miniaturize,Trap Card,trap,"Activate this card by targeting 1 face-up monster on the field with more than 1000 original ATK that has a Level; its Level is reduced by 1, also it loses 1000 ATK. When that monster leaves the field, destroy this card.",Continuous,,,,,,,SGX1-END20,(C),Speed Duel GX: Duel Academy Box,0
27288416,Mokey Mokey,Normal Monster,normal,An outcast angel. Nobody knows what he is thinking at all. Sometimes he gets mad and that is dreadful.,Fairy,,300.0,100.0,1.0,LIGHT,,SGX1-ENI03,(C),Speed Duel GX: Duel Academy Box,0
1965724,Mokey Mokey Smackdown,Spell Card,spell,"While a face-up ""Mokey Mokey"" is on your side of the field, if a Fairy-Type monster on your side of the field is destroyed, the ATK of each ""Mokey Mokey"" on your side of the field becomes 3000 until the end of this turn.",Continuous,,,,,,,SGX1-ENI17,(C),Speed Duel GX: Duel Academy Box,0
14315573,Negate Attack,Trap Card,trap,"When an opponent's monster declares an attack: Target the attacking monster; negate the attack, then end the Battle Phase.",Counter,,,,,,,SGX1-ENA18,(C),Speed Duel GX: Duel Academy Box,0
89882100,Night Beam,Spell Card,spell,Target 1 Set Spell/Trap your opponent controls; destroy that target. Your opponent cannot activate the targeted card in response to this card's activation.,Normal,,,,,,,SGX1-ENB16,(C),Speed Duel GX: Duel Academy Box,0
79335209,Ojama Black,Normal Monster,normal,"He's one of the Ojama Trio. It's said that he butts in by any means necessary. It's also said that when the three are together, something happens.",Beast,Ojama,0.0,1000.0,2.0,LIGHT,,SGX1-ENC03,(C),Speed Duel GX: Duel Academy Box,0
64627453,Ojama Blue,Effect Monster,effect,"When this card is destroyed by battle and sent to the GY: You can add 2 ""Ojama"" cards from your Deck to your hand.",Beast,Ojama,0.0,1000.0,2.0,LIGHT,,SGX1-ENC11,(C),Speed Duel GX: Duel Academy Box,0
90011152,Ojama Country,Spell Card,spell,"Once per turn, you can send 1 ""Ojama"" card from your hand to the Graveyard to Special Summon 1 ""Ojama"" monster from your Graveyard. While you control a face-up ""Ojama"" monster, switch the original ATK and DEF of all monsters on the field. (""Ojama"" can include ""Ojamuscle"".)",Field,Ojama,,,,,,SGX1-ENI19,(C),Speed Duel GX: Duel Academy Box,0
8251996,Ojama Delta Hurricane!!,Spell Card,spell,"You can only activate this card while ""Ojama Green"", ""Ojama Yellow"" and ""Ojama Black"" are face-up on your side of the field. Destroy all cards on your opponent's side of the field.",Normal,Ojama,,,,,,SGX1-ENC13,(C),Speed Duel GX: Duel Academy Box,0
12482652,Ojama Green,Normal Monster,normal,"He's one of the Ojama Trio. It's said that he butts in by any means necessary. It's also said that when the three are together, something happens.",Beast,Ojama,0.0,1000.0,2.0,LIGHT,,SGX1-ENC02,(C),Speed Duel GX: Duel Academy Box,0
90140980,Ojama King,Fusion Monster,fusion,"""Ojama Green"" + ""Ojama Yellow"" + ""Ojama Black""
Select up to 3 of your opponent's Monster Card Zones. The selected zones cannot be used.",Beast,Ojama,0.0,3000.0,6.0,LIGHT,,SGX1-ENC21,(C),Speed Duel GX: Duel Academy Box,0
40391316,Ojama Knight,Fusion Monster,fusion,"1 ""Ojama"" monster + 1 ""Ojama"" monster
Select up to 2 of your opponent's Monster Card Zones. The selected zones cannot be used.",Beast,Ojama,0.0,2500.0,5.0,LIGHT,,SGX1-ENC23,(C),Speed Duel GX: Duel Academy Box,0
37132349,Ojama Red,Effect Monster,effect,"When this card is Normal Summoned: You can Special Summon up to 4 ""Ojama"" monsters from your hand in Attack Position.",Beast,Ojama,0.0,1000.0,2.0,LIGHT,,SGX1-ENC10,(C),Speed Duel GX: Duel Academy Box,0
42941100,Ojama Yellow,Normal Monster,normal,"He's one of the Ojama Trio. It's said that he butts in by any means necessary. It's also said that when the three are together, something happens.",Beast,Ojama,0.0,1000.0,2.0,LIGHT,,SGX1-ENC01,(C),Speed Duel GX: Duel Academy Box,0
24643836,Ojamagic,Spell Card,spell,"If this card is sent from the hand or field to the GY: Add 1 each of ""Ojama Green"", ""Ojama Yellow"" and ""Ojama Black"" from your Deck to your hand.",Normal,Ojama,,,,,,SGX1-ENC14,(C),Speed Duel GX: Duel Academy Box,0
38395123,Ojamatch,Spell Card,spell,"Send 1 ""Ojama"" card from your hand or face-up from your field to the GY; add to your hand, 1 ""Ojama"" monster with a different name and 1 ""Armed Dragon"" monster from your Deck and/or GY, then, immediately after this effect resolves, you can Normal Summon 1 of those monsters. During your Main Phase: You can banish this card from your GY, then target 3 of your banished ""Ojama"" monsters; shuffle them into the Deck, then draw 1 card.",Quick-Play,Armed Dragon,,,,,,SGX1-ENC16,(C),Speed Duel GX: Duel Academy Box,0
72204747,Over Destiny,Spell Card,spell,"Target 1 ""Destiny HERO"" monster in your GY; Special Summon 1 ""Destiny HERO"" monster from your Deck whose Level is less than or equal to half of that target's Level, but destroy it during the End Phase of this turn.",Normal,Destiny HERO,,,,,,SGX1-ENB15,(C),Speed Duel GX: Duel Academy Box,0
3659803,Overload Fusion,Spell Card,spell,"Fusion Summon 1 DARK Machine Fusion Monster from your Extra Deck, by banishing Fusion Materials listed on it from your field or GY.",Normal,,,,,,,SGX1-ENG14,(C),Speed Duel GX: Duel Academy Box,0
24094653,Polymerization,Spell Card,spell,"Fusion Summon 1 Fusion Monster from your Extra Deck, using monsters from your hand or field as Fusion Material.",Normal,,,,,,,SGX1-ENA12,(C),Speed Duel GX: Duel Academy Box,0
300302037,Powerful Group of Guys,Skill Card,skill,"While you control exactly 1 ""Destiny HERO"" monster (and no other monsters), and your opponent controls more monsters than you, Special Summon 1 ""Destiny HERO"" monster from your hand or Deck with a lower Level than the monster you control. You can only Summon ""Destiny HERO"" monsters during the turn you activate this Skill. Flip this card over at the end of the turn you activated this Skill.",Aster Phoenix,,,,,,,SGX1-ENS02,(C),Speed Duel GX: Duel Academy Box,0
26439287,Proto-Cyber Dragon,Effect Monster,effect,"This card's name becomes ""Cyber Dragon"" while on the field.",Machine,Cyber Dragon,1100.0,600.0,3.0,LIGHT,,SGX1-ENG03,(C),Speed Duel GX: Duel Academy Box,0
37318031,R - Righteous Justice,Spell Card,spell,"Destroy Spell/Trap Cards equal to the number of ""Elemental HERO"" cards you control.",Normal,Elemental HERO,,,,,,SGX1-ENA17,(C),Speed Duel GX: Duel Academy Box,0
90810762,Raging Flame Sprite,Effect Monster,effect,This card can attack your opponent directly. If this card inflicts battle damage to your opponent by a direct attack: This card gains 1000 ATK.,Pyro,,100.0,200.0,3.0,FIRE,,SGX1-ENH06,(C),Speed Duel GX: Duel Academy Box,0
300302038,Rainbow Crystal Collection,Skill Card,skill,"If a face-up ""Crystal Beast"" monster you control would be destroyed, you can place a Crystallization Counter on it instead. Monsters with Crystallization Counters are considered Continuous Spell Cards in your Spell & Trap Zone instead of monsters. If a card with a Crystallization Counter would be Special Summoned, remove the counter. Cards with Crystallization Counters can be used as Fusion Material for ""Ultimate Crystal"" monsters.",Jesse Anderso,,,,,,,SGX1-ENS14,(C),Speed Duel GX: Duel Academy Box,0
79407975,Rainbow Dark Dragon,Effect Monster,effect,"(This card is always treated as an ""Ultimate Crystal"" card.)
Cannot be Normal Summoned/Set. Must be Special Summoned (from your hand) by banishing 7 DARK monsters with different names from your GY. You can banish all other DARK monsters from your field and GY; this card gains 500 ATK for each card banished this way.",Dragon,,4000.0,0.0,10.0,DARK,,SGX1-ENI09,(C),Speed Duel GX: Duel Academy Box,0
79856792,Rainbow Dragon,Effect Monster,effect,"(This card is always treated as an ""Ultimate Crystal"" card.)
Cannot be Normal Summoned/Set. Must be Special Summoned (from your hand) by having 7 ""Crystal Beast"" cards with different names on your field and/or GY. This card cannot activate the following effects the turn it is Special Summoned. (Quick Effect): You can send all face-up ""Crystal Beast"" monsters you control to the GY; this card gains 1000 ATK for each monster sent to the GY. You can banish all ""Crystal Beast"" monsters from your GY; shuffle all cards on the field into the Deck.",Dragon,Crystal Beast,4000.0,0.0,10.0,LIGHT,,SGX1-ENF01,(C),Speed Duel GX: Duel Academy Box,0
63806265,Rainbow Gravity,Trap Card,trap,"If you have 7 ""Crystal Beast"" cards with different names on the field or in your Graveyard: Special Summon 1 ""Ultimate Crystal"" monster from your Deck or Graveyard, ignoring the Summoning conditions.",Normal,Crystal Beast,,,,,,SGX1-ENF18,(C),Speed Duel GX: Duel Academy Box,0
34002992,Rainbow Life,Trap Card,trap,"Discard 1 card. Until the end of this turn, whenever you would take damage you gain that amount of Life Points instead.",Normal,,,,,,,SGX1-ENF17,(C),Speed Duel GX: Duel Academy Box,0
37440988,Rainbow Overdragon,Fusion Monster,fusion,"7 ""Crystal Beast"" monsters
(This card is always treated as an ""Ultimate Crystal"" card.)
Must be either Fusion Summoned, or Special Summoned by Tributing 1 Level 10 ""Ultimate Crystal"" monster (in which case you do not use ""Polymerization""). Once per turn: You can banish 1 ""Crystal Beast"" monster from your GY; this card gains ATK equal to the banished monster's, until the end of this turn. (Quick Effect): You can Tribute this Fusion Summoned card; shuffle all cards on the field into the Deck.",Dragon,Crystal Beast,4000.0,0.0,12.0,LIGHT,,SGX1-ENF21,(C),Speed Duel GX: Duel Academy Box,0
60876124,Rare Value,Spell Card,spell,"If you control 2 or more ""Crystal Beast"" cards in your Spell & Trap Zone: Your opponent chooses 1 ""Crystal Beast"" card in your Spell & Trap Zone, you send it to the GY, and if you do, you draw 2 cards.",Normal,Crystal Beast,,,,,,SGX1-ENF11,(C),Speed Duel GX: Duel Academy Box,0
32807846,Reinforcement of the Army,Spell Card,spell,Add 1 Level 4 or lower Warrior monster from your Deck to your hand.,Normal,,,,,,"{'ban_tcg': 'Limited', 'ban_ocg': 'Limited', 'ban_goat': 'Semi-Limited'}",SGX1-ENA14,(C),Speed Duel GX: Duel Academy Box,0
78211862,Rising Energy,Trap Card,trap,"Discard 1 card, then target 1 face-up monster on the field; that target gains 1500 ATK until the End Phase.",Normal,,,,,,,SGX1-ENI21,(C),Speed Duel GX: Duel Academy Box,0
54351224,Ritual Weapon,Spell Card,spell,Equip only to a Level 6 or lower Ritual Monster. It gains 1500 ATK and DEF.,Equip,,,,,,,SGX1-ENE14,(C),Speed Duel GX: Duel Academy Box,0
300302039,Room for Growth,Skill Card,skill,"During your Main Phase, you can increase the ATK of 1 Level 3 or lower monster you control by 300 x its Level, until the end of this turn. Flip this card over at the end of the turn you activated this Skill.",Syrus Truesda,,,,,,,SGX1-ENS18,(C),Speed Duel GX: Duel Academy Box,0
54040221,Royal Firestorm Guards,Effect Monster,effect,"If this card is Normal Summoned: Target 4 Pyro-Type monsters in your Graveyard; shuffle all 4 into the Deck, then draw 2 cards.",Pyro,,1700.0,1200.0,4.0,FIRE,,SGX1-ENH11,(C),Speed Duel GX: Duel Academy Box,0
32268901,Salamandra,Spell Card,spell,Equip only to a FIRE monster. It gains 700 ATK.,Equip,,,,,,,SGX1-ENH12,(C),Speed Duel GX: Duel Academy Box,0
23401840,Senju of the Thousand Hands,Effect Monster,effect,When this card is Normal or Flip Summoned: You can add 1 Ritual Monster from your Deck to your hand.,Fairy,,1400.0,1000.0,4.0,LIGHT,,SGX1-ENE02,(C),Speed Duel GX: Duel Academy Box,0
63035430,Skyscraper,Spell Card,spell,"If an ""Elemental HERO"" monster attacks a monster that has a higher ATK, the attacking monster gains 1000 ATK during damage calculation only.",Field,Elemental HERO,,,,,,SGX1-ENA15,(C),Speed Duel GX: Duel Academy Box,0
57617178,Sonic Bird,Effect Monster,effect,When this card is Normal or Flip Summoned: You can add 1 Ritual Spell from your Deck to your hand.,Winged Beast,,1400.0,1000.0,4.0,WIND,,SGX1-ENE03,(C),Speed Duel GX: Duel Academy Box,0
33245030,Sphere Kuriboh,Effect Monster,effect,"When an opponent's monster declares an attack: You can send this card from your hand to the GY; change the attacking monster to Defense Position. When you Ritual Summon, you can banish this card from your GY as 1 of the monsters required for the Ritual Summon.",Fiend,Kuriboh,300.0,200.0,1.0,DARK,,SGX1-ENI12,(C),Speed Duel GX: Duel Academy Box,0
6691855,Spikeshield with Chain,Trap Card,trap,"Target 1 face-up monster on the field; equip this card to that target. It gains 500 ATK. If the equipped monster attacks or is attacked while in Defense Position, it gains DEF equal to its ATK during damage calculation only.",Normal,,,,,,,SGX1-ENC19,(C),Speed Duel GX: Duel Academy Box,0
13522325,Spirit of Flames,Effect Monster,effect,Cannot be Normal Summoned/Set. Must first be Special Summoned (from your hand) by banishing 1 FIRE monster from your Graveyard. This card gains 300 ATK during your Battle Phase only.,Pyro,,1700.0,1000.0,4.0,FIRE,,SGX1-ENH05,(C),Speed Duel GX: Duel Academy Box,0
65810489,Statue of the Wicked,Trap Card,trap,"When this face-down card is destroyed and sent to the Graveyard, Special Summon 1 ""Wicked Token"" (Fiend-Type/DARK/Level 4/ATK 1000/DEF 1000) on your side of the field.",Normal,,,,,,,SGX1-END18,(C),Speed Duel GX: Duel Academy Box,0
25173686,Straight Flush,Trap Card,trap,Activate only when all of your opponent's Spell & Trap Card Zones are occupied. Destroy all cards in your opponent's Spell & Trap Card Zones.,Normal,,,,,,,SGX1-ENG18,(C),Speed Duel GX: Duel Academy Box,0
32854013,Super Rush Recklessly,Trap Card,trap,"Target 1 Beast-Type monster you control and 1 monster your opponent controls; destroy the first target, and if you do, shuffle the second target into the Deck.",Normal,,,,,,,SGX1-ENC18,(C),Speed Duel GX: Duel Academy Box,0
84136000,The Grave of Enkindling,Trap Card,trap,"You can only activate this card when a monster on your side of the field is destroyed as a result of battle and sent to the Graveyard. You and your opponent each select 1 monster from your respective Graveyards and Special Summon them in Defense Position. Neither monster Special Summoned by this card's effect can change its battle position while it is face-up on the field, except with a card effect.",Normal,,,,,,,SGX1-ENC17,(C),Speed Duel GX: Duel Academy Box,0
300302041,The Right Hero for the Job,Skill Card,skill,"Once per Duel, during your Main Phase, you can shuffle 1 ""Elemental HERO"" monster you control into your Deck, then Special Summon 1 Level 4 or lower ""Elemental HERO"" monster from your Main Deck with a different name than the shuffled card.",Jaden Yuki,,,,,,,SGX1-ENS09,(C),Speed Duel GX: Duel Academy Box,0
38479725,The Trojan Horse,Effect Monster,effect,"When Tribute Summoning an EARTH monster, you can treat this 1 monster as 2 Tributes.",Beast,,1600.0,1200.0,4.0,EARTH,,SGX1-END04,(C),Speed Duel GX: Duel Academy Box,0
95281259,The Warrior Returning Alive,Spell Card,spell,Target 1 Warrior-Type monster in your Graveyard; add that target to your hand.,Normal,,,,,,,SGX1-ENE13,(C),Speed Duel GX: Duel Academy Box,0
7171149,Toon Ancient Gear Golem,Toon Monster,effect,"Cannot attack the turn it is Summoned. While you control ""Toon World"" and your opponent controls no Toon monsters, this card can attack your opponent directly. If this card attacks a Defense Position monster, inflict piercing battle damage to your opponent. If this card attacks, your opponent cannot activate any Spell/Trap Cards until the end of the Damage Step.",Machine,Toon,3000.0,3000.0,8.0,EARTH,,SGX1-ENI11,(C),Speed Duel GX: Duel Academy Box,0
19252988,Trap Jammer,Trap Card,trap,"When your opponent activates a Trap Card during the Battle Phase: Negate the activation, and if you do, destroy it.",Counter,,,,,,,SGX1-ENG16,(C),Speed Duel GX: Duel Academy Box,0
21420702,Tri-Blaze Accelerator,Spell Card,spell,"Activate only by sending 1 face-up ""Blaze Accelerator"" on your side of the field to the Graveyard. You can send 1 Pyro-Type monster from your hand to the Graveyard to destroy 1 monster your opponent controls and inflict 500 damage to your opponent, but you cannot declare an attack during this turn if you do.",Continuous,Blaze Accelerator,,,,,,SGX1-ENH15,(C),Speed Duel GX: Duel Academy Box,0
96383838,Tri-Wight,Spell Card,spell,Target 3 Level 2 or lower Normal Monsters in your Graveyard; Special Summon them from the Graveyard.,Normal,,,,,,,SGX1-ENC15,(C),Speed Duel GX: Duel Academy Box,0
45939841,Twister,Spell Card,spell,"Pay 500 LP, then target 1 face-up Spell/Trap on the field; destroy that target.",Quick-Play,,,,,,,SGX1-ENH13,(C),Speed Duel GX: Duel Academy Box,0
60806437,UFO Turtle,Effect Monster,effect,"When this card is destroyed by battle and sent to the Graveyard: You can Special Summon 1 FIRE monster with 1500 or less ATK from your Deck, in face-up Attack Position.",Machine,,1400.0,1200.0,4.0,FIRE,,SGX1-ENH04,(C),Speed Duel GX: Duel Academy Box,0
12652643,Ultimate Ancient Gear Golem,Fusion Monster,fusion,"""Ancient Gear Golem"" + 2 ""Ancient Gear"" monsters
Must be Fusion Summoned. If this card attacks a Defense Position monster, inflict piercing battle damage. If this card attacks, your opponent cannot activate Spell/Trap Cards until the end of the Damage Step. If this card is destroyed: You can target 1 ""Ancient Gear Golem"" in your GY; Special Summon it, ignoring its Summoning conditions.",Machine,Ancient Gear,4400.0,3400.0,10.0,EARTH,,SGX1-END21,(C),Speed Duel GX: Duel Academy Box,0
51638941,V-Tiger Jet,Normal Monster,normal,This ace fighter is unbeatable in a dogfight. It combines with other monsters to launch an array of encircling attacks.,Machine,ABC,1600.0,1800.0,4.0,LIGHT,,SGX1-ENC04,(C),Speed Duel GX: Duel Academy Box,0
81020140,Volcanic Blaster,Effect Monster,effect,"When this card is destroyed and sent to the Graveyard by battle, you can place 1 ""Volcanic"" monster in your Deck on top of your Deck.",Pyro,Volcanic,1200.0,600.0,3.0,FIRE,,SGX1-ENH08,(C),Speed Duel GX: Duel Academy Box,0
300302042,Volcanic Cannon,Skill Card,skill,"Once per Duel, you can send 1 face-up ""Tri-Blaze Accelerator"" you control to the GY, then Special Summon 1 ""Volcanic Doomfire"" from your hand, Deck, or GY, ignoring its Summoning conditions. Your opponent takes no effect damage the turn you activate this Skill.",Axel Brodie,,,,,,,SGX1-ENS16,(C),Speed Duel GX: Duel Academy Box,0
32543380,Volcanic Doomfire,Effect Monster,effect,"This card cannot be Normal Summoned or Set. This card can only be Special Summoned by sending a face-up ""Tri-Blaze Accelerator"" you control to the Graveyard. During your opponent's Battle Phase, your opponent must attack this monster with any Attack Position monsters they control. When this card destroys a monster and sends it to the Graveyard, destroy all monsters your opponent controls and inflict 500 damage to your opponent for each monster destroyed by this effect.",Pyro,Volcanic,3000.0,1800.0,8.0,FIRE,,SGX1-ENH01,(C),Speed Duel GX: Duel Academy Box,0
54514594,Volcanic Hammerer,Effect Monster,effect,"Once per turn, you can inflict damage to your opponent equal to the number of ""Volcanic"" monsters in your Graveyard x 200. If you activate this effect, this card cannot attack during this turn.",Pyro,Volcanic,2400.0,1500.0,5.0,FIRE,,SGX1-ENH09,(C),Speed Duel GX: Duel Academy Box,0
76459806,Volcanic Rocket,Effect Monster,effect,"When this card is Summoned: You can add 1 ""Blaze Accelerator"" card from your Deck or Graveyard to your hand.",Pyro,Volcanic,1900.0,1400.0,4.0,FIRE,,SGX1-ENH10,(C),Speed Duel GX: Duel Academy Box,0
33365932,Volcanic Shell,Effect Monster,effect,"Once per turn: You can pay 500 LP; add 1 ""Volcanic Shell"" from your Deck to your hand. This card must be in the GY to activate and to resolve this effect.",Pyro,Volcanic,100.0,0.0,1.0,FIRE,,SGX1-ENH07,(C),Speed Duel GX: Duel Academy Box,0
58859575,VW-Tiger Catapult,Fusion Monster,fusion,"""V-Tiger Jet"" + ""W-Wing Catapult""
Must first be Special Summoned (from your Extra Deck) by banishing the above cards you control. (You do not use ""Polymerization"".) You can discard 1 card, then target 1 monster your opponent controls; change that target's battle position. (Flip Effects are not activated.)",Machine,ABC,2000.0,2100.0,6.0,LIGHT,,SGX1-ENC22,(C),Speed Duel GX: Duel Academy Box,0
84243274,VWXYZ-Dragon Catapult Cannon,Fusion Monster,fusion,"""VW-Tiger Catapult"" + ""XYZ-Dragon Cannon""
Must first be Special Summoned (from your Extra Deck) by banishing the above cards you control. (You do not use ""Polymerization"".) Once per turn: You can target 1 card your opponent controls; banish that target. When this card declares an attack on an opponent's monster: You can target the attack target; change that attack target's battle position. (Flip Effects are not activated.)",Machine,ABC,3000.0,2800.0,8.0,LIGHT,,SGX1-ENI14,(C),Speed Duel GX: Duel Academy Box,0
96300057,W-Wing Catapult,Union Effect Monster,effect,"Once per turn, you can either: Target 1 ""V-Tiger Jet"" you control; equip this card to that target, OR: Unequip this card and Special Summon it. A monster equipped with this card gains 400 ATK/DEF, also if the equipped monster would be destroyed by battle or card effect, destroy this card instead.",Machine,ABC,1300.0,1500.0,4.0,LIGHT,,SGX1-ENC09,(C),Speed Duel GX: Duel Academy Box,0
58169731,Wall of Disruption,Trap Card,trap,When an opponent's monster declares an attack: All Attack Position monsters your opponent controls lose 800 ATK for each monster they control.,Normal,,,,,,,SGX1-ENC20,(C),Speed Duel GX: Duel Academy Box,0
5438492,Warrior Lady of the Wasteland,Effect Monster,effect,"When this card is destroyed by battle and sent to the Graveyard: You can Special Summon 1 EARTH Warrior-Type monster with 1500 or less ATK from your Deck, in face-up Attack Position.",Warrior,,1100.0,1200.0,4.0,EARTH,,SGX1-ENE05,(C),Speed Duel GX: Duel Academy Box,0
68815401,Wild Fire,Spell Card,spell,"Pay 500 Life Points. Destroy a face-up ""Blaze Accelerator"" card you control and destroy all monsters on the field. Then, Special Summon 1 ""Wild Fire Token"" (Pyro-Type/FIRE/Level 3/ATK 1000/DEF 1000) in Attack Position. Also, you cannot declare an attack this turn.",Quick-Play,Blaze Accelerator,,,,,,SGX1-ENH16,(C),Speed Duel GX: Duel Academy Box,0
57116033,Winged Kuriboh,Effect Monster,effect,"If this card on the field is destroyed and sent to the GY: For the rest of this turn, you take no battle damage.",Fairy,Kuriboh,300.0,200.0,1.0,LIGHT,,SGX1-ENA06,(C),Speed Duel GX: Duel Academy Box,0
6480253,Wroughtweiler,Effect Monster,effect,"When this card is destroyed by battle and sent to the Graveyard: Target 1 ""Elemental HERO"" card and 1 ""Polymerization"" in your Graveyard; add both those targets to your hand.",Machine,Elemental HERO,800.0,1200.0,3.0,EARTH,,SGX1-ENA07,(C),Speed Duel GX: Duel Academy Box,0
